{"stats":{"minecraft:picked_up":{"pfm:dye_kit_cyan":1},"minecraft:custom":{"minecraft:jump":59,"minecraft:time_since_rest":5362,"minecraft:crouch_one_cm":106,"minecraft:damage_dealt":36,"minecraft:play_one_minute":5362,"minecraft:sprint_one_cm":6535,"minecraft:time_since_death":5362,"minecraft:walk_one_cm":6799,"minecraft:sneak_time":85,"minecraft:chair_used":1,"minecraft:drop":1,"minecraft:fall_one_cm":209,"minecraft:fly_one_cm":25216,"minecraft:aviate_one_cm":5034},"minecraft:mined":{"minecraft:grass":1},"minecraft:used":{"pfm:stone_chair":1,"minecraft:firework_rocket":2,"minecraft:grass_block":11},"minecraft:dropped":{"pfm:dye_kit_cyan":1}},"DataVersion":2586}