{"stats":{"minecraft:picked_up":{"minecraft:dandelion":1,"pfm:dye_kit_cyan":1,"minecraft:oxeye_daisy":1},"minecraft:custom":{"minecraft:time_since_rest":22494,"minecraft:play_one_minute":22494,"minecraft:crouch_one_cm":106,"minecraft:sprint_one_cm":8713,"minecraft:damage_taken":120,"minecraft:walk_one_cm":15062,"minecraft:sneak_time":134,"minecraft:walk_under_water_one_cm":51,"minecraft:mob_kills":1,"minecraft:drop":1,"minecraft:aviate_one_cm":139336,"minecraft:jump":97,"minecraft:damage_dealt":291,"minecraft:leave_game":1,"minecraft:time_since_death":22494,"minecraft:walk_on_water_one_cm":88,"minecraft:chair_used":1,"minecraft:fall_one_cm":2312,"minecraft:fly_one_cm":41493},"minecraft:mined":{"minecraft:grass":1},"minecraft:killed":{"minecraft:spider":1},"minecraft:used":{"minecraft:firework_rocket":4,"minecraft:grass_block":12,"pfm:stone_chair":1},"minecraft:dropped":{"pfm:dye_kit_cyan":1}},"DataVersion":2586}